{"BPM":115.0,"playerId":129,"score":16685,"balance":0.1388888955116272,"level":3,"levelBuffer":[12.983838081359864,74.95374298095703,85.05338287353516,7.016955852508545],"playerDatas":[{"player":0,"make":0,"makeTotal":294,"makeBuffer":[0,3,0,3,1,3,2,1,1,4,1,4,3,4,0,0,2,0,4,4,2,2,2,2,2,4,3,0,3,2],"hitCount":[107,85,150],"combo":0,"lastNoteTap":0.0},{"player":1,"make":0,"makeTotal":599,"makeBuffer":[4,3,5,5,4,1,5,0,3,0,6,3,3,4,2,1,3,2,3,3,2,3,1,2,1,2,2,5,1,3],"hitCount":[198,110,225],"combo":2,"lastNoteTap":0.0}],"ballColor":29,"musicChange":5,"scoreBuffer":[0,0,0,0,0,0,0,0,175,165,245,315,335,725,890,1045,1120,1120,1110,1225,1450,1730,2105,2325,2405,2575,2730,2810,2945,3030,3255,3415,3460,3585,3865,4125,4135,4450,4575,4750,4760,4890,5065,5080,5090,5200,5335,5585,5680,5775,5875,5880,5980,6170,6230,6275,6555,6745,6780,6885,6930,6995,7365,7460,7620,7620,7675,7890,8025,8230,8350,8430,8575,8665,8820,9015,9290,9270,9350,9585,9650,9690,9760,9775,9820,9910,9980,10025,10240,10370,10440,10545,10650,10705,11010,11105,11195,11260,11325,11395,11415,11155,10985,10665,10315,10165,10155,10260,10345,10395,10410,10515,10585,10630,10730,10870,10925,10935,11040,11070,11140,11365,11525,11690,11890,11930,12135,12180,12425,12530,12570,12675,12705,12805,13010,13100,13195,13270,13270,13330,13400,13460,13600,13815,13565,13700,13795,13830,13850,13880,13905,14055,14105,14235,14250,14325,14430,14430,14475,14500,14505,14575,14700,14780,14900,15100,15335,15530,15810,15790,15810,15980,16000,16240,16450,16470,16480,16590,16555,16655,16685],"balanceBuffer":[1.0,1.0,1.0,1.0,1.0,1.0,1.0,1.0,0.3513513505458832,0.4285714328289032,0.34545454382896426,0.3103448152542114,0.32307693362236025,0.2957746386528015,0.2957746386528015,0.2957746386528015,0.30666667222976687,0.3253012001514435,0.2967033088207245,0.2708333432674408,0.29411765933036806,0.2571428716182709,0.2777777910232544,0.29203540086746218,0.3103448152542114,0.3008130192756653,0.28125,0.31343284249305727,0.30882352590560915,0.3188405930995941,0.32394367456436159,0.3333333432674408,0.31612902879714968,0.3243243098258972,0.33766233921051028,0.31972789764404299,0.3154362440109253,0.33774834871292117,0.3466666638851166,0.33766233921051028,0.3561643958091736,0.3741496503353119,0.3561643958091736,0.37062937021255495,0.3552631437778473,0.35849055647850039,0.34567901492118838,0.3248407542705536,0.35483869910240176,0.375,0.3670886158943176,0.39240506291389468,0.375,0.33742332458496096,0.28143712878227236,0.29629629850387576,0.30434781312942507,0.2830188572406769,0.30000001192092898,0.28834354877471926,0.28834354877471926,0.2738853394985199,0.28947368264198305,0.28947368264198305,0.28859061002731326,0.31578946113586428,0.33766233921051028,0.31578946113586428,0.2925170063972473,0.29078012704849245,0.3093525171279907,0.30000001192092898,0.29078012704849245,0.29655173420906069,0.304964542388916,0.32374101877212527,0.3381294906139374,0.3571428656578064,0.3191489279270172,0.31386861205101015,0.3188405930995941,0.34285715222358706,0.35211268067359927,0.40425533056259158,0.4492753744125366,0.43448275327682497,0.4693877696990967,0.4829931855201721,0.45695364475250246,0.4533333480358124,0.46666666865348818,0.48427674174308779,0.4749999940395355,0.47826087474823,0.48148149251937868,0.47826087474823,0.48750001192092898,0.48466256260871889,0.4819277226924896,0.48235294222831728,0.48235294222831728,0.5,0.5180723071098328,0.5185185074806213,0.546012282371521,0.5030303001403809,0.4906832277774811,0.4658385217189789,0.48427674174308779,0.49677419662475588,0.46405228972435,0.4285714328289032,0.44736841320991518,0.4189189076423645,0.4109589159488678,0.4000000059604645,0.4000000059604645,0.37681159377098086,0.3629629611968994,0.3777777850627899,0.36231884360313418,0.3233082592487335,0.3181818127632141,0.3333333432674408,0.32307693362236025,0.30882352590560915,0.30434781312942507,0.3382352888584137,0.34328359365463259,0.35338345170021059,0.33834585547447207,0.3333333432674408,0.3382352888584137,0.34306567907333376,0.3185185194015503,0.3488371968269348,0.3692307770252228,0.3798449635505676,0.3858267664909363,0.3834586441516876,0.4264705777168274,0.4285714328289032,0.42222222685813906,0.45985400676727297,0.5035461187362671,0.4965035021305084,0.4714285731315613,0.46853145956993105,0.4931506812572479,0.47999998927116396,0.4701986610889435,0.47999998927116396,0.49668875336647036,0.46052631735801699,0.4838709533214569,0.4771241843700409,0.4736842215061188,0.42666667699813845,0.4285714328289032,0.3959731459617615,0.4000000059604645,0.3561643958091736,0.3733333349227905,0.3464052379131317,0.3290322721004486,0.3086419701576233,0.3125,0.3291139304637909,0.32499998807907107,0.3246753215789795,0.29032257199287417,0.2830188572406769,0.25641027092933657,0.23076923191547395,0.1895424872636795,0.19736842811107636,0.18421052396297456,0.16339869797229768,0.13907285034656526,0.1621621549129486,0.1388888955116272]}